company,title,location,days_old,team_size,yc_batch,pay,company_on_simplify,f1_blocker,url
Eight Sleep,Security & IT Intern,Remote - US,0,100,Summer 2015,,no,,https://jobs.ashbyhq.com/eightsleep/0ae8cdbe-8100-4f59-b702-16d836ab5550
Taktile,Software Engineer Intern,Iasi Office,2,150,Summer 2020,,no,,https://jobs.ashbyhq.com/taktile/bce11078-1da2-4826-a70e-7eccfd702dd1
Parameter,Growth Engineer Intern,Parameter HQ,3,14,Winter 2026,,no,,https://jobs.ashbyhq.com/parameter/25371241-145e-4390-91e3-7e6b407938e8
Relling,Controls Engineering Intern,San Francisco,6,,Summer 2025,,no,,https://jobs.ashbyhq.com/relling/7bd1608d-00e2-432a-b2ff-99ce92c13cf3
Relling,Robotics Software Engineering Intern,San Francisco,6,,Summer 2025,,no,,https://jobs.ashbyhq.com/relling/fd72719f-24d6-4b1c-9e34-285d6a575e3e
Relling,Mechatronics Engineering Intern,San Francisco,6,,Summer 2025,,no,,https://jobs.ashbyhq.com/relling/91369822-84d7-4d24-b2e8-287201f00acd
HackerRank,Software Development Engineer Intern,Onsite in Bangalore,8,300,Summer 2011,,no,,https://job-boards.greenhouse.io/hackerrank/jobs/8229735
reflect-orbital,Mission Operations Engineering Intern,"Hawthorne, CA",14,,,$27 – $31 per hour,no,,https://jobs.ashbyhq.com/reflect-orbital/7ec00657-344f-4a53-b1b2-b6623a8b95bc
reflect-orbital,Ground Software Engineering Intern,"Hawthorne, CA",14,,,$27 – $31 per hour,no,,https://jobs.ashbyhq.com/reflect-orbital/c394615d-26c6-4435-ad84-3ca3269c2952
FamPay,Security Engineer Intern,Bengaluru,16,24,Summer 2019,,no,,https://jobs.lever.co/fampay/bbbbbfd2-1855-4991-82d5-84ef57607c24
AfterQuery,AI/ML Research Intern,San Francisco,27,30,Winter 2025,$8K per month,no,,https://jobs.ashbyhq.com/afterquery/00cd591f-6894-4259-83b6-36c999351dde
Bree,"Software Engineer, Backend (Co-op)",Toronto,34,2,Summer 2021,,no,,https://jobs.ashbyhq.com/bree/42fe78c1-e73f-4918-bf71-776b8142112b
Bree,"Software Engineer, Product (Co-op)",Toronto,34,2,Summer 2021,,no,,https://jobs.ashbyhq.com/bree/17d8dd15-5f97-4003-8d6c-170dca13ff88
Juicebox,Software Engineer Intern,San Francisco,34,100,Summer 2022,$60 per hour,no,,https://jobs.ashbyhq.com/juicebox/1af7ec98-9c2e-4101-868e-58e6f35cd23a
reflect-orbital,Flight Software Engineering Intern,"Hawthorne, CA",36,,,$27 – $31 per hour,no,,https://jobs.ashbyhq.com/reflect-orbital/d2ad1427-89aa-404d-8678-7b8e6dace5e2
reflect-orbital,GNC Engineering Intern,"Hawthorne, CA",36,,,$27 – $31 per hour,no,,https://jobs.ashbyhq.com/reflect-orbital/242494ac-5d48-4d46-9b3c-16a8da598108
Dedalus Labs,Design Engineer Intern,San Francisco,55,8,Summer 2025,"$7,800 – $8,667 per month • Actual hourly pay: $45-$50/hour. Monthly figures are an average at 40 hours/week.",no,,https://jobs.ashbyhq.com/dedalus-labs/bcd6db2e-400b-4ffa-aef3-0948a7b558c2
Dedalus Labs,Infrastructure Engineer Intern,San Francisco,55,8,Summer 2025,"$7,800 – $8,667 per month",no,,https://jobs.ashbyhq.com/dedalus-labs/fab1accf-2b21-453b-869f-a08759fa605c
Kastle,Software Engineer - Intern,San Francisco,63,15,Summer 2024,,no,,https://jobs.ashbyhq.com/kastle/6f32db51-de45-472f-a9c8-d9419d3634ee
Conveo,Engineering Internship,Antwerp,66,90,Summer 2024,,no,,https://jobs.ashbyhq.com/conveo/00915c85-373b-4094-b17e-1dca197e644f
One Robot,Machine Learning Intern,San Francisco,76,2,Winter 2026,$6K – $8K per month,no,,https://jobs.ashbyhq.com/onerobot/12fc1098-421d-4068-9879-e1737fb91571
Bild AI,AI/SWE Intern,San Francisco,81,9,Winter 2025,$3K – $10K per month,no,,https://jobs.ashbyhq.com/bild-ai/b333f0f7-0ca6-4509-8697-9303396b5364
Bree,"Machine Learning Engineering, Intern",Toronto,86,2,Summer 2021,,no,,https://jobs.ashbyhq.com/bree/5e79b2fd-164c-4e72-91ef-1b8fd1c5518a
Dedalus Labs,Systems Engineer Intern,San Francisco,99,8,Summer 2025,"$7,800 – $8,667 per month",no,,https://jobs.ashbyhq.com/dedalus-labs/6037de96-d9c7-418f-ad23-56bb327225a6
CTGT,Software Engineering Intern (Summer 2027),San Francisco,104,10,Fall 2024,$8K – $12K per month • Will Sponsor,no,,https://jobs.ashbyhq.com/ctgt/f657c2f5-125e-42b6-a68a-646bbea3d155
Circleback,Software Engineering Intern (Summer 2027),San Francisco,120,8,Winter 2024,$7K – $10K per month,no,,https://jobs.ashbyhq.com/circleback/2bb6be67-d1a8-42f7-bb1b-64ee36bf613f
Comena,Software Engineering Intern,Munich,122,8,Summer 2025,,no,,https://jobs.ashbyhq.com/comena/7e547b6e-ddb5-4294-8530-84d3001a3cef
Adaptyv,Internship Bioengineering / Molecular Biology,Lausanne,126,25,Summer 2021,,no,,https://jobs.ashbyhq.com/adaptyv/b2c0c8b3-55fd-49e2-9c2d-4bc5e58ac414
Overview,Engineering Intern,Taipei,144,40,Winter 2019,,no,,https://jobs.ashbyhq.com/overview/d0f32974-e8fd-4c77-bea8-e6c49dc25a9d
Phonely,Software Engineer Intern,"San Francisco, California",153,10,Summer 2024,,no,,https://jobs.ashbyhq.com/phonely/c83696cb-ca3a-4a9d-9e87-bfcf4f79fef5
Revise Robotics,Engineering Intern — Summer/Fall 2026,New York City,169,3,Winter 2025,$8K – $12K per month,no,,https://jobs.ashbyhq.com/reviserobotics/7b0426d4-cf8c-4fdf-98a8-5a0360706633
Auctor,Software Engineering Intern,New York,178,30,Spring 2025,$80 per hour,no,,https://jobs.ashbyhq.com/auctor/9d67c881-3ca7-4616-a059-e94c03e19607
Odys Aviation,Systems Engineering and Integration Intern,Long Beach CA,193,11,Summer 2021,,no,,https://jobs.ashbyhq.com/odys-aviation/e8a1cc98-f655-45dc-850a-2460f1da6826
Sendbird," AI Agent Engineer, Intern","Seoul, South Korea",324,300,Winter 2016,,no,,https://sendbird.com/careers?gh_jid=8276676002
AfterQuery,Software Engineering Intern,San Francisco,325,30,Winter 2025,$10K per month,no,,https://jobs.ashbyhq.com/afterquery/83ca470d-b1f7-41d6-935f-c1f2b8243e4b
Stripe,"Data Analyst, Intern",Toronto,8,7000,Summer 2009,,yes,,https://stripe.com/jobs/search?gh_jid=8194287
Stripe,"Data Analyst, Intern","New York, Seattle, South San Francisco HQ",8,7000,Summer 2009,,yes,,https://stripe.com/jobs/search?gh_jid=8194291
Stripe,"PhD Data Scientist, Intern",Toronto,8,7000,Summer 2009,,yes,,https://stripe.com/jobs/search?gh_jid=8194285
Stripe,"PhD Data Scientist, Intern","New York, Seattle, South San Francisco HQ",8,7000,Summer 2009,,yes,,https://stripe.com/jobs/search?gh_jid=8194283
Stripe,"Financial Data Analyst Intern, Technical Operations",Singapore,14,7000,Summer 2009,,yes,,https://stripe.com/jobs/search?gh_jid=8186442
Stripe,"Integration Reliability Engineer Intern, Technical Operations",Singapore,16,7000,Summer 2009,,yes,,https://stripe.com/jobs/search?gh_jid=8186367
Gecko Robotics,Test & Reliability Engineering Intern,Pittsburgh,24,230,Winter 2016,,yes,,https://jobs.ashbyhq.com/gecko-robotics/07b4bc1b-500f-493c-ab28-383b543a3e85
Scale AI,Software Engineering Intern (Summer 2027) ,"Doha, Qatar ",25,500,Summer 2016,,yes,,https://job-boards.greenhouse.io/scaleai/jobs/4730834005
Stripe,"Software Engineer, Intern",Singapore,32,7000,Summer 2009,,yes,,https://stripe.com/jobs/search?gh_jid=8130883
Stripe,"Software Engineer, Intern",London,38,7000,Summer 2009,,yes,,https://stripe.com/jobs/search?gh_jid=8130867
Stripe,"Software Engineer, Intern ",Bucharest,38,7000,Summer 2009,,yes,,https://stripe.com/jobs/search?gh_jid=8130807
Stripe,"Software Engineer, Intern (Summer or Winter)","San Francisco, Seattle, New York City",38,7000,Summer 2009,,yes,,https://stripe.com/jobs/search?gh_jid=8128745
Stripe,"Software Engineer, Intern (Summer or Winter)",Toronto,38,7000,Summer 2009,,yes,,https://stripe.com/jobs/search?gh_jid=8130805
Stripe,"Software Engineer, Intern (Summer or Winter)",Dublin,53,7000,Summer 2009,,yes,,https://stripe.com/jobs/search?gh_jid=8097801
Stripe,"Software Engineer, Intern",Bengaluru,91,7000,Summer 2009,,yes,,https://stripe.com/jobs/search?gh_jid=8031833
Astranis,Automation & Controls Engineering Intern (Summer 2027),San Francisco,8,500,Winter 2016,,yes,U.S. Citizen,https://job-boards.greenhouse.io/astranis/jobs/4718206006
Astranis,Harness Design Engineer Intern (Summer 2027),San Francisco,14,500,Winter 2016,,yes,U.S. Citizen,https://job-boards.greenhouse.io/astranis/jobs/4704779006
Astranis,CAD Engineer Intern (Summer 2027),San Francisco,55,500,Winter 2016,,yes,U.S. Citizen,https://job-boards.greenhouse.io/astranis/jobs/4704742006
